Login Attempt, Time, IP Address, Success, Username, Password
1,2024-09-12T12:56:18.048100900,123.123.1.1,false,,
1,2024-09-12T13:07:17.926040,123.123.1.1,false,asd,asd
1,2024-09-12T13:09:18.766353100,123.123.1.1,false,asd,asd
1,2024-09-12T13:09:18.980084900,123.123.1.1,false,asd,asd
1,2024-09-12T13:09:19.171259200,123.123.1.1,false,asd,asd
1,2024-09-12T13:09:19.351857800,123.123.1.1,false,asd,asd
1,2024-09-12T13:09:19.542970900,123.123.1.1,false,asd,asd
1,2024-09-12T13:09:19.700596300,123.123.1.1,false,asd,asd
1,2024-09-12T13:09:19.858273800,123.123.1.1,false,asd,asd
1,2024-09-12T13:25:39.015252800,123.123.1.1,false,,
1,2024-09-12T13:26:44.514953700,123.123.1.1,false,,
1,2024-09-12T13:27:18.118394900,123.123.1.1,false,,
test
test
test
test
test
1,2024-09-12T23:38:30.673455100,123.123.1.1,true,sdevadmin,425!pass
1,2024-09-12T23:38:34.101842300,123.123.1.1,true,sdevadmin,425!pass
1,2024-09-12T23:38:48.060957,123.123.1.1,true,sdevadmin,425!pass
1,2024-09-12T23:38:51.180727300,123.123.1.1,true,sdevadmin,425!pass
1,2024-09-12T23:38:52.665315500,123.123.1.1,true,sdevadmin,425!pass
1,2024-09-12T23:38:53.280079400,123.123.1.1,true,sdevadmin,425!pass
1,2024-09-12T23:38:53.512608100,123.123.1.1,true,sdevadmin,425!pass
1,2024-09-12T23:38:53.752720700,123.123.1.1,true,sdevadmin,425!pass
1,2024-09-12T23:38:53.993008900,123.123.1.1,true,sdevadmin,425!pass
1,2024-09-12T23:44:41.038862700,123.123.1.1,false,,
1,2024-09-12T23:44:46.072123,123.123.1.1,false,sdf,sdg
1,2024-09-12T23:44:48.681801500,123.123.1.1,false,sdf,sdg
1,2024-09-12T23:45:14.947231900,123.123.1.1,true,sdevadmin,425!pass
1,2024-09-12T23:51:24.886228800,123.123.1.1,true,sdevadmin,425!pass
1,2024-09-14T11:50:34.446499300,123.123.1.1,false,sdf,sdf
1,2024-09-14T11:51:13.101470300,123.123.1.1,false,sdf,sdf
1,2024-09-14T11:53:00.036375100,123.123.1.1,false,sdf,sdf
1,2024-09-14T11:53:00.223991600,123.123.1.1,false,sdf,sdf
1,2024-09-14T11:53:00.456101900,123.123.1.1,false,sdf,sdf
1,2024-09-14T11:53:00.659324900,123.123.1.1,false,sdf,sdf
1,2024-09-14T11:53:00.884992200,123.123.1.1,false,sdf,sdf
0,2024-09-14T16:59:00.295234100Z,123.123.1.1,false,asd,asd
0,2024-09-14T16:59:20.124201700Z,123.123.1.1,false,asd,asd
0,2024-09-14T16:59:25.779509200Z,123.123.1.1,false,asd,asd
0,2024-09-14T16:59:26.056503700Z,123.123.1.1,false,asd,asd
0,2024-09-14T16:59:26.282117100Z,123.123.1.1,false,asd,asd
0,2024-09-14T16:59:26.484668200Z,123.123.1.1,false,asd,asd
0,2024-09-14T16:59:26.679753700Z,123.123.1.1,false,asd,asd
0,2024-09-14T17:01:00.055469900Z,123.123.1.1,false,asd,sadf
0,2024-09-14T17:01:06.887961200Z,123.123.1.1,false,asd,sadf
0,2024-09-14T17:01:07.090034200Z,123.123.1.1,false,asd,sadf
0,2024-09-14T17:01:07.225464100Z,123.123.1.1,false,asd,sadf
0,2024-09-14T17:01:07.382657400Z,123.123.1.1,false,asd,sadf
2,2024-09-14T17:01:34.547947100Z,123.123.1.1,false,asdf,asdf
2,2024-09-14T17:01:37.254057400Z,123.123.1.1,false,asdf,asdf
2,2024-09-14T17:09:40.073952800Z,123.123.1.1,false,asdf,asdf
2,2024-09-14T17:10:47.771100200Z,123.123.1.1,false,asdf,asdf
2,2024-09-14T17:11:28.525649200Z,123.123.1.1,false,asd,asd
1,2024-09-14T17:11:32.906160800Z,123.123.1.1,false,asd,asd
2,2024-09-14T17:14:50.149873400Z,123.123.1.1,false,asd,asd
1,2024-09-14T17:14:52.452013600Z,123.123.1.1,false,asd,asd
1,2024-09-14T17:14:53.067719300Z,123.123.1.1,false,asd,asd
1,2024-09-14T17:14:53.465611Z,123.123.1.1,false,asd,asd
1,2024-09-14T17:14:53.764865800Z,123.123.1.1,false,asd,asd
1,2024-09-14T17:14:54.123733800Z,123.123.1.1,false,asd,asd
1,2024-09-14T17:14:54.484204500Z,123.123.1.1,false,asd,asd
1,2024-09-14T17:14:55.137462300Z,123.123.1.1,false,asd,asd
1,2024-09-14T17:14:55.609859700Z,123.123.1.1,false,asd,asd
1,2024-09-14T17:14:56.066789800Z,123.123.1.1,false,asd,asd
2,2024-09-14T17:15:48.170876900Z,123.123.1.1,false,asd,asd
3,2024-09-14T17:15:49.309774600Z,123.123.1.1,false,asd,asd
4,2024-09-14T17:15:49.542251200Z,123.123.1.1,false,asd,asd
5,2024-09-14T17:15:49.744959100Z,123.123.1.1,false,asd,asd
6,2024-09-14T17:15:49.977217100Z,123.123.1.1,false,asd,asd
7,2024-09-14T17:15:50.172531800Z,123.123.1.1,false,asd,asd
8,2024-09-14T17:15:50.375642300Z,123.123.1.1,false,asd,asd
2,2024-09-14T17:16:58.648150800Z,123.123.1.1,false,asd,asd
0,2024-09-14T17:26:08.310072600Z,123.123.1.1,false,asd,asd
1,2024-09-14T17:26:16.603757Z,123.123.1.1,false,asd,asd
2,2024-09-14T17:26:16.807187Z,123.123.1.1,false,asd,asd
3,2024-09-14T17:26:17.016791200Z,123.123.1.1,false,asd,asd
4,2024-09-14T17:26:17.189410600Z,123.123.1.1,false,asd,asd
5,2024-09-14T17:26:17.392083500Z,123.123.1.1,false,asd,asd
6,2024-09-14T17:26:17.564419400Z,123.123.1.1,false,asd,asd
7,2024-09-14T17:26:17.751439900Z,123.123.1.1,false,asd,asd
0,2024-09-14T17:27:02.662081800Z,123.123.1.1,false,asd,asd
1,2024-09-14T17:27:02.879911800Z,123.123.1.1,false,asd,asd
2,2024-09-14T17:27:03.186942400Z,123.123.1.1,false,asd,asd
3,2024-09-14T17:27:03.396578800Z,123.123.1.1,false,asd,asd
4,2024-09-14T17:27:03.540005100Z,123.123.1.1,false,asd,asd
5,2024-09-14T17:27:03.689059700Z,123.123.1.1,false,asd,asd
6,2024-09-14T17:27:04.243454100Z,123.123.1.1,false,asd,asd
7,2024-09-14T17:27:04.401385600Z,123.123.1.1,false,asd,asd
8,2024-09-14T17:27:04.596907300Z,123.123.1.1,false,asd,asd
9,2024-09-14T17:27:04.769787800Z,123.123.1.1,false,asd,asd
10,2024-09-14T17:27:04.940727900Z,123.123.1.1,false,asd,asd
11,2024-09-14T17:27:20.617483300Z,123.123.1.1,false,sdevadmin,425!pass
12,2024-09-14T17:27:22.304771300Z,123.123.1.1,false,sdevadmin,425!pass
13,2024-09-14T17:27:22.469972400Z,123.123.1.1,false,sdevadmin,425!pass
14,2024-09-14T17:27:22.649183Z,123.123.1.1,false,sdevadmin,425!pass
15,2024-09-14T17:27:22.837593100Z,123.123.1.1,false,sdevadmin,425!pass
16,2024-09-14T17:27:22.964218400Z,123.123.1.1,false,sdevadmin,425!pass
17,2024-09-14T17:27:23.122197500Z,123.123.1.1,false,sdevadmin,425!pass
18,2024-09-14T17:27:23.286796900Z,123.123.1.1,false,sdevadmin,425!pass
19,2024-09-14T17:27:23.399062300Z,123.123.1.1,false,sdevadmin,425!pass
20,2024-09-14T17:27:23.571989300Z,123.123.1.1,false,sdevadmin,425!pass
21,2024-09-14T17:27:31.566756800Z,123.123.1.1,false,sdevadmin,425!pass
0,2024-09-14T17:28:53.549158800Z,123.123.1.1,true,sdevadmin,425!pass
